,,
1510_9_21_1,,baströjor
1510_12_49_1,,
1510_16_6_1,,
1510_20_32_1,,
1510_23_32_1,,
1717_38_55_1,,sjalar
1717_38_53_1,,
1717_38_52_1,,
1717_37_51_1,,
1717_37_52_1,,
1717_38_54_1,,
9813_10_6_1,,vid jacka
9813_16_6_1,,
9813_20_21_1,,
9813_23_32_1,,
9813_20_49_1,,
1401_16_32_1,,fickklänning
1401_10_32_1,,
1401_16_6_1,,
1401_20_49_1,,
1711_3_49_1,,festklänning
1711_16_32_1,,
1711_20_6_1,,
1711_10_49_1,,
1710_16_6_1,,blus
1710_20_21_1,,
1710_16_49_1,,
1710_20_32_1,,
9805_33_49_1,,vändbar jacka
9805_34_32_1,,
9805_35_6_1,,
9805_36_21_1,,
1709_1_21_1,,vid tunika
1709_3_49_1,,
1709_10_6_1,,
1709_16_32_1,,
1712_16_6_1,,fickkjol
1712_1_21_1,,
1712_20_32_1,,
9801_9_49_1,,linne
9801_16_32_!,,
9801_20_21_1,,
201_1_7_1,,klänningstunika
201_16_6_1,,
201_1_21_1,,
201_20_32_1,,
9820_1_32_1,,t-shirt
9820_16_32_1,,
9820_10_49_1,,
9820_20_6_1,,
9820_20_21_1,,
9812_21_1_1,,byxa
9903_21_20_1,,byxa
1308_53_66_1,,manchesterbyxa
1308_53_67_1,,
1308_53_65_1,,
503_51_91_1,,
503_51_93_1,,mah-jongjacka
503_51_95_1,,
503_51_92_1,,
503_51_81_1,,
